<?xml version="1.0" encoding="UTF-8" standalone="yes"?><ListaEvento><listaEventos><ano>2018</ano><descricao>repete anual</descricao><dia>27</dia><mes>6</mes><observacao>anual</observacao><repeteAno>true</repeteAno><repeteMes>false</repeteMes></listaEventos><listaEventos><ano>2018</ano><descricao>repete todo dia 20</descricao><dia>20</dia><mes>6</mes><observacao>20</observacao><repeteAno>false</repeteAno><repeteMes>true</repeteMes></listaEventos><listaEventos><ano>2018</ano><descricao>evento que não repete</descricao><dia>13</dia><mes>6</mes><observacao>obs</observacao><repeteAno>false</repeteAno><repeteMes>false</repeteMes></listaEventos></ListaEvento>